"title","year","authors","url","doi","source","abstract","journal","publisher","publication_date","document_type","keywords","institutions","countries","citation_count","language","pmid","llm_included","llm_excluded","llm_justification"
"Sustainable Energy Policies in Developing Countries: A Review of Challenges and Opportunities","2023","Pasquale Marcello Falcone","https://www.mdpi.com/1996-1073/16/18/6682","10.3390/en16186682","Google Scholar","This contribution offers a thorough analysis of challenges and opportunities related to the adoption of sustainable energy policies in specific developing countries (i.e., Albania, Brazil, India, Kenya). The use of renewable energy sources must be increased if the world is to meet its climate goals and alleviate the negative effects of fossil fuel consumption. However, due to fiscal restrictions, institutional barriers, and technology limitations, developing countries face particular challenges in adopting such policies. In order to help these countries move towards a sustainable energy future, this study analyses these issues and suggests viable solutions for policymakers.","Energies","Multidisciplinary Digital Publishing Institute","2023-09-18","review","Developing country, Renewable energy, Business, Order (exchange), Sustainable energy, Sustainable development, Energy policy, Fossil fuel, Energy consumption, Natural resource economics","Parthenope University of Naples","IT","192","en","","0","1","The paper is excluded because it does not report quantitative data on greenhouse gas emissions reduction, and it appears to be a general review rather than an empirical study, meta-analysis, or systematic review that examines country-specific factors influencing renewable energy adoption."
"Energy transition and pollution emissions in developing countries: are renewable energies guilty?","2023","Elvis Dze Achuo, Nathanael Ojöng","https://www.emerald.com/ijdi/article/22/3/361/130413","10.1108/ijdi-05-2023-0114","Google Scholar","Purpose This study aims to examine the effects of energy transition on pollution emissions in Africa. In addition, it explores the indirect channels through which energy consumption impacts environmental quality. Design/methodology/approach The study uses system Generalised Method of Moments approach for a panel of 51 developing African countries over the 1996–2020 period. Findings The results show that fossil fuel and renewable energy consumption increase pollution emissions. The environment-degrading effect of renewable energy in Africa is however counter-intuitive, though the results are robust across regional economic blocks and income groups except for upper-middle-income countries where energy consumption is environment enhancing. Moreover, the results show that the environmental impacts of non-renewable energy consumption are modulated through financial development and information and communication technology (ICT) adoption, leading to respective positive net effects of 0.04460796 and 0.07682873. This is up to respective policy thresholds of 203.265 and 137.105 of financial development and ICT adoption, respectively, when the positive net effects are nullified. Practical implications Contingent on the results, the study suggests the need for African countries to develop sound financial systems and encourage the use of green technologies, to ensure that energy transition effectively contributes to emissions reduction. Policymakers in Africa should also be aware of the critical levels of financial development and ICT, beyond which complementary policies are required for non-renewable energy consumption to maintain a negative impact on environmental degradation. Originality/value Firstly, extant studies on the nexus between energy transition and environmental degradation in Africa are very sparse. Therefore, this study fills the existing research gap by comprehensively examining the effects of energy transition on pollution emissions across 51 African economies. Additionally, besides accounting for the direct environmental effects of energy transition, the current study accounts for the indirect channels through which the environmental impacts of energy transition are modulated. Hence, this study provides critical thresholds for the policy modulating variables, which enlighten policymakers on the necessity of designing complementary policies once the modulating variables attain the established thresholds.","International Journal of Development Issues","Emerald Publishing Limited","2023-07-03","article","Renewable energy, Nexus (standard), Natural resource economics, Energy consumption, Environmental degradation, Environmental pollution, Consumption (sociology), Economics, Greenhouse gas, Fossil fuel","Université de Dschang, York University","CM, CA","15","en","","1","0","The paper meets the inclusion criteria as it investigates the impact of energy transition (including renewable energy adoption) on pollution emissions in developing countries (specifically African countries), reports quantitative data on emissions, and examines country-specific factors such as economic development and energy mix. It does not match any exclusion criteria as it is an empirical study published within the relevant time frame, written in English, and focuses on developing countries."
"Sustainable Energy Transition Framework for Emerging Economies: Policy Pathways and Implementation Gaps","2020","Mohammed Lawal Giwah, Zamathula Sikhakhane Nwokediegwu, Emmanuel Augustine Etukudoh, Ebimor Yinka Gbabo","https://www.internationalmultiresearch.com/uploads/archives/20250730105402_MER-2025-1-003.1.pdf","10.54660/ijmer.2020.1.1.01-06","Google Scholar","Emerging economies face unique challenges in transitioning to sustainable energy systems amid growing demand, infrastructural deficits, and socioeconomic disparities. This paper develops a comprehensive framework that integrates theoretical insights and practical policy pathways to facilitate sustainable energy transitions tailored to these contexts. It examines key energy transition theories and models, highlights the roles of regulatory, financial, and market-based policy instruments, and emphasizes the importance of governance and institutional capacity. The study identifies critical pathways including renewable energy integration, energy efficiency, and diversified financing, while also addressing major implementation gaps such as institutional fragmentation, equity concerns, and technical constraints. Strategic implications underscore the need for integrated, adaptive policymaking that balances environmental sustainability with economic growth and social inclusion. The framework offers actionable recommendations for policymakers and stakeholders to overcome barriers, enhance coordination, mobilize investment, and promote inclusive participation. By fostering innovation, resilience, and equity, this study provides a roadmap for emerging economies to accelerate their sustainable energy transitions and contribute to global climate goals.","International Journal of Multidisciplinary Evolutionary Research","","2020-01-01","article","Transition (genetics), Sustainable energy, Business, Energy transition, Emerging markets, Economic system, Economic geography, Economics, Renewable energy, Engineering","","","25","en","","0","1","The paper does not focus on the impact of renewable energy adoption on greenhouse gas emissions reduction in developing countries, which is a key inclusion criterion. Instead, it proposes a framework for sustainable energy transition, policy pathways, and implementation gaps in emerging economies. The paper does not report quantitative data on greenhouse gas emissions reduction, which is another inclusion criterion. Therefore, it matches exclusion criterion 6 (studies that do not report quantitative data on greenhouse gas emissions reduction) and 1 (studies that focus on developed countries or do not specify country context is not matched as it focuses on emerging economies)."
"Sustainable energy for developing countries","2009","Frauke Urban","https://journals.openedition.org/sapiens/823","","Google Scholar","Most global energy models are developed by institutes from developed countries, focusing primarily on issues that are important in industrialised countries. Evaluating the results for Asia of the IPCC/SRES models shows that broad concepts of energy and development, the Energy Ladder and the Environmental Kuznets Curve, can be observed in the results of the models. However, improvements can be made in modelling the issues that underlie these concepts, like traditional fuels, electrification, economic structural change, income distribution and informal economies. Given the rapidly growing importance of energy trajectories of developing countries for global sustainability, the challenge for the future is to develop energy models that include all these aspects of energy and development. 2.","SAPI EN. S. Surveys and …, 2009","","2009-01-01","article","Kuznets curve, Electrification, Developing country, Sustainability, Energy (signal processing), Economics, Sustainable development, Income distribution, Distribution (mathematics), Natural resource economics","","","149","en","","0","1","The paper is excluded because it does not investigate the impact of renewable energy adoption on greenhouse gas emissions in developing countries (criterion 1), it is not an empirical study or meta-analysis with quantitative data on greenhouse gas emissions reduction (criteria 4 and 6), and it does not examine country-specific factors influencing renewable energy adoption (criterion 6). The study seems more conceptual, discussing general energy models and their limitations for developing countries."
"Renewable Energy Transition and Sustainable Economic Growth in South Asia: Insights from the CO2 Emissions Policy Threshold","2025","Mustapha Mukhtar, Idris Abdullahi Abdulqadir, Hassan Sani Abubakar","https://www.mdpi.com/2071-1050/17/20/9289","10.3390/su17209289","Google Scholar","This article examines the asymmetric effects of renewable energy on sustainable economic growth across six South Asian countries from 2000 to 2023, employing panel data and threshold regression analysis. The findings indicate that CO2 emissions must remain below a threshold of 2.38% to support the integration of renewable energy with sustainable growth. Furthermore, access to clean energy and technologies should exceed 3.38%, and urbanization must be managed at a complementary threshold of 3.21%. These results are consistent with various studies investigating the renewable energy transition’s economic impacts globally. It is recommended that South Asia focus on reducing CO2 emissions below the identified threshold, enhancing clean energy access and innovation above the designated thresholds, and supporting urban growth as part of its policy initiatives. Such actions are essential for fostering economic growth and ensuring the sustainability of the region. The study recommends that the South Asian region take decisive steps to reduce CO2 emissions and enhance access to clean energy while accommodating urban population growth. It highlights the importance of transitioning to renewable energy to stimulate economic growth and maintain trade and foreign direct investment (FDI) as a viable part of the gross domestic product. The study suggests that investments in Gross Capital Formation (GCF), trade, and FDI will yield long-term benefits, although short-term policy adjustments may disrupt resource allocation and hinder economic and renewable energy development. Future research should explore the complex interactions between CO2 emissions, clean energy access, FDI, and trade, particularly in light of recent trade policies, including U.S. tariffs. Investigating these relationships through advanced methodologies, such as machine learning, could provide valuable insights into drivers of renewable energy transition and economic outcomes.","Sustainability","Multidisciplinary Digital Publishing Institute","2025-10-19","article","Renewable energy, Natural resource economics, Economics, Green growth, Urbanization, Sustainability, Energy mix, Sustainable growth rate, Sustainable development, Renewable energy credit","Guangdong University of Petrochemical Technology, Federal Medical Centre, University of Electronic Science and Technology of China","CN, NG","1","en","","1","0","The paper examines the impact of renewable energy on sustainable economic growth and CO2 emissions in South Asian countries, which are developing countries. It provides quantitative data on greenhouse gas emissions reduction and explores country-specific factors such as economic development, clean energy access, and urbanization. The study's focus on the renewable energy transition and its economic impacts aligns with the research question, and it meets the inclusion criteria of investigating the impact of renewable energy adoption on greenhouse gas emissions in developing countries, reporting quantitative data, and examining country-specific factors."
"Sustainable energy transition in developing countries: the role of energy aid donors","2018","Jung Eun Kim","https://www.tandfonline.com/doi/abs/10.1080/14693062.2018.1444576","10.1080/14693062.2018.1444576","Google Scholar","Dialogues on global climate policy are increasingly discussing the sustainable energy transition, with Goal 7 of the UN’s Sustainable Development Goals highlighting the importance of affordable and clean energy. This study looks at foreign aid as a carrier of global climate policy and examines donor behaviour in the energy sector. By examining donor behaviour when giving energy aid, one can grasp how the donor community helps recipients achieve a sustainable energy transition. A panel of donor–recipient pairs, covering 29 donors and 99 recipients, was constructed for the period between 1996 and 2013, using data from Organisation for Economic Co-operation and Development Creditor Reporting System (OECD CRS), International Energy Agency (IEA) and World Development Indicators (WDI). The pair-year panel data were empirically analysed using a two-part model to test whether energy aid donors respond to recipients’ needs with regard to renewable energy and residential electricity. The findings demonstrate that donors respond to recipients’ sustainable energy needs, both renewable and residential, when selecting recipients. Moreover, donors tend to increase the amount of aid based on renewable energy needs. The findings also highlight the significant role of international climate policy, as donors have changed their energy aid-giving patterns since the start of the Kyoto Protocol. Contrary to the common belief in the aid-giving literature, this study shows that, with regard to energy aid, donor interests are more weakly related to recipient selection than are recipient needs.Key policy insights Donors are influenced by the residential energy needs of recipients when giving energy aid, which aligns with the Sustainable Development Goals.Donors’ energy aid-giving patterns changed between the periods before and after entry into force of the Kyoto Protocol, highlighting the significant role of international climate change policy.Policy makers and aid practitioners can steer donors to continue to allocate resources to the development of recipients’ energy policy and to help recipients prepare institutional structures to attract private investment in sustainable energy.","Climate Policy","Taylor & Francis","2018-03-05","article","Renewable energy, Business, Energy policy, Sustainable development, Economics, Environmental economics, Economic growth, Political science, Engineering, Law","University of Hong Kong","HK","61","en","","0","1","The paper does not match the research question as it focuses on donor behavior in energy aid rather than the impact of renewable energy adoption on greenhouse gas emissions in developing countries. It also does not report quantitative data on greenhouse gas emissions reduction between 2015 and 2025, and its publication period (1996-2013) is outside the specified timeframe."
"Synergies of sector coupling and transmission reinforcement in a cost-optimised, highly renewable European energy system","2018","T. Brown, D. Schlachtberger, A. Kies, S. Schramm, M. Greiner","http://arxiv.org/abs/1801.05290v2","10.1016/j.energy.2018.06.222","arXiv","There are two competing concepts in the literature for the integration of high shares of renewable energy: the coupling of electricity to other energy sectors, such as transport and heating, and the reinforcement of continent-wide transmission networks. In this paper both cross-sector and cross-border integration are considered in the model PyPSA-Eur-Sec-30, the first open, spatially-resolved, temporally-resolved and sector-coupled energy model of Europe. Using a simplified network with one node per country, the cost-optimal system is calculated for a 95% reduction in carbon dioxide emissions compared to 1990, incorporating electricity, transport and heat demand. Flexibility from battery electric vehicles (BEV), power-to-gas units (P2G) and long-term thermal energy storage (LTES) make a significant contribution to the smoothing of variability from wind and solar and to the reduction of total system costs. The cost-minimising integration of BEV pairs well with the daily variations of solar power, while P2G and LTES balance the synoptic and seasonal variations of demand and renewables. In all scenarios, an expansion of cross-border transmission reduces system costs, but the more tightly the energy sectors are coupled, the weaker the benefit of transmission reinforcement becomes.","","","2018-01-16T15:19:20Z","preprint","physics.soc-ph","","","","","","0","1","The paper does not meet the inclusion criteria because it focuses on a highly renewable European energy system, not on developing countries between 2015 and 2025. It matches the exclusion criterion of not specifying a developing country context and not focusing on the research question about country-specific factors influencing renewable energy adoption."
"Excitation function of initial temperature of heavy flavor quarkonium emission source in high energy collisions","2020","Qi Wang, Fu-Hu Liu","http://arxiv.org/abs/2005.04940v3","10.1155/2020/5031494","arXiv","The transverse momentum spectra of $J/ψ$, $ψ(2S)$, and $Υ(nS, n=1,2,3)$ produced in proton-proton ($p$+$p$), proton-antiproton ($p$+$\bar{p}$), proton-lead ($p$+Pb), gold-gold (Au+Au), and lead-lead (Pb+Pb) collisions over a wide energy range are analyzed by the (two-component) Erlang distribution, the Hagedorn function (the inverse power-law), and the Tsallis-Levy function. The initial temperature is obtained from the color string percolation model due to the fit by the (two-component) Erlang distribution in the framework of multisource thermal model. The excitation functions of some parameters such as the mean transverse momentum and initial temperature increase from dozens of GeV to above 10 TeV. The mean transverse momentum and initial temperature decrease (increase slightly or do not change obviously) with the increase of rapidity (centrality). Meanwhile, the mean transverse momentum of $Υ(nS, n=1,2,3)$ is larger than that of $J/ψ$ and $ψ(2S)$, and the initial temperature for $Υ(nS, n=1,2,3)$ emission is higher than that for $J/ψ$ and $ψ(2S)$ emission, which shows a mass-dependent behavior.","","","2020-05-11T09:11:18Z","preprint","hep-ph, hep-ex, nucl-ex, nucl-th","","","","","","0","1","The paper does not investigate the impact of renewable energy adoption on greenhouse gas emissions in developing countries, which is the focus of the research question. Instead, it analyzes the transverse momentum spectra of heavy flavor quarkonium produced in high energy collisions, which is a topic in particle physics. This mismatch with the research question and inclusion criteria leads to exclusion based on criteria such as not reporting quantitative data on greenhouse gas emissions reduction and not examining country-specific factors influencing renewable energy adoption."
"Intelligent Home Energy Management System for Distributed Renewable Generators, Dispatchable Residential Loads and Distributed Energy Storage Devices","2017","Adetokunbo Ajao, Jingwei Luo, Zheming Liang, Qais H. Alsafasfeh, Wencong Su","http://arxiv.org/abs/1704.04166v1","10.1109/irec.2017.7926040","arXiv","This paper presents an intelligent home energy management system integrated with dispatchable loads (e.g., clothes washers and dryers), distributed renewable generators (e.g., roof-top solar panels), and distributed energy storage devices (e.g., plug-in electric vehicles). The overall goal is to reduce the total operating costs and the carbon emissions for a future residential house, while satisfying the end-users comfort levels. This paper models a wide variety of home appliances and formulates the economic operation problem using mixed integer linear programming. Case studies are performed to validate and demonstrate the effectiveness of the proposed solution algorithm. Simulation results also show the positive impact of dispatchable loads, distributed renewable generators, and distributed energy storage devices on a future residential house.","","","2017-04-13T15:09:58Z","preprint","math.OC","University of Michigan–Dearborn","US","19","en","","0","1","The paper does not meet the inclusion criteria as it does not investigate the impact of renewable energy adoption on greenhouse gas emissions in developing countries, nor does it examine country-specific factors such as economic development, institutional capacity, and energy mix. Instead, it presents an intelligent home energy management system for a future residential house, focusing on reducing operating costs and carbon emissions through optimization of dispatchable loads, distributed renewable generators, and energy storage devices. The study does not specify a developing country context, which aligns with exclusion criterion 1 (studies that focus on developed countries or do not specify country context)."
"Development and Evaluation of an Online Home Energy Management Strategy for Load Coordination in Smart Homes with Renewable Energy Sources","2023","Xiaoling Chen, Cory Miller, Mithun Goutham, Prasad Dev Hanumalagutti, Rachel Blaser, Stephanie Stockar","http://arxiv.org/abs/2304.11770v1","10.1016/j.energy.2023.130134","arXiv","In this paper, a real time implementable load coordination strategy is developed for the optimization of electric demands in a smart home. The strategy minimizes the electricity cost to the home owner, while limiting the disruptions associated with the deferring of flexible power loads. A multi-objective nonlinear mixed integer programming is formulated as a sequential model predictive control, which is then solved using genetic algorithm. The load shifting benefits obtained by deploying an advanced coordination strategy are compared against a baseline controller for various home characteristics, such as location, size and equipment. The simulation study shows that the deployment of the smart home energy management strategy achieves approximately 5% reduction in grid cost compared to a baseline strategy. This is achieved by deferring approximately 50\% of the flexible loads, which is possible due to the use of the stationary energy storage.","","","2023-04-23T23:38:44Z","preprint","eess.SY, math.OC","","","","","","0","1","The paper does not meet the inclusion criteria as it does not investigate the impact of renewable energy adoption on greenhouse gas emissions in developing countries, nor does it examine country-specific factors such as economic development, institutional capacity, and energy mix. Instead, it focuses on developing an online home energy management strategy for load coordination in smart homes with renewable energy sources, which is a technical study. The paper matches the exclusion criteria because it is not focused on developing countries, does not report on greenhouse gas emissions reduction in the context of country-specific factors, and is a technical study without a country-level analysis."
"Collaborative Optimization of Multi-microgrids System with Shared Energy Storage Based on Multi-agent Stochastic Game and Reinforcement Learning","2023","Yijian Wang, Yang Cui, Yang Li, Yang Xu","http://arxiv.org/abs/2306.10754v1","10.1016/j.energy.2023.128182","arXiv","Achieving the economical and stable operation of Multi-microgrids (MMG) systems is vital. However, there are still some challenging problems to be solved. Firstly, from the perspective of stable operation, it is necessary to minimize the energy fluctuation of the main grid. Secondly, the characteristics of energy conversion equipment need to be considered. Finally, privacy protection while reducing the operating cost of an MMG system is crucial. To address these challenges, a Data-driven strategy for MMG systems with Shared Energy Storage (SES) is proposed. The Mixed-Attention is applied to fit the conditions of the equipment, additionally, Multi-Agent Soft Actor-Critic(MA-SAC) and (Multi-Agent Win or Learn Fast Policy Hill-Climbing)MA-WoLF-PHC are proposed to solve the partially observable dynamic stochastic game problem. By testing the operation data of the MMG system in Northwest China, following conclusions are drawn: the R-Square (R2) values of results reach 0.999, indicating the neural network effectively models the nonlinear conditions. The proposed MMG system framework can reduce energy fluctuations in the main grid by 1746.5kW in 24 hours and achieve a cost reduction of 16.21% in the test. Finally, the superiority of the proposed algorithms is verified through their fast convergence speed and excellent optimization performance.","","","2023-06-19T07:55:41Z","preprint","eess.SY, cs.LG","","","","","","0","1","The paper does not investigate the impact of renewable energy adoption on greenhouse gas emissions in developing countries, which is the focus of the research question. Instead, it proposes a data-driven strategy for Multi-microgrids (MMG) systems with Shared Energy Storage (SES) and tests it using operation data from Northwest China. The study does not report country-specific factors influencing renewable energy adoption, and its focus on a specific MMG system framework and algorithms makes it outside the scope of the research question. Therefore, it matches exclusion criterion 1 (studies that focus on developed countries or do not specify country context) and 6 (studies that do not examine country-specific factors influencing renewable energy adoption)."
"Creating synthetic energy meter data using conditional diffusion and building metadata","2024","Chun Fu, Hussain Kazmi, Matias Quintana, Clayton Miller","http://arxiv.org/abs/2404.00525v1","10.1016/j.enbuild.2024.114216","arXiv","Advances in machine learning and increased computational power have driven progress in energy-related research. However, limited access to private energy data from buildings hinders traditional regression models relying on historical data. While generative models offer a solution, previous studies have primarily focused on short-term generation periods (e.g., daily profiles) and a limited number of meters. Thus, the study proposes a conditional diffusion model for generating high-quality synthetic energy data using relevant metadata. Using a dataset comprising 1,828 power meters from various buildings and countries, this model is compared with traditional methods like Conditional Generative Adversarial Networks (CGAN) and Conditional Variational Auto-Encoders (CVAE). It explicitly handles long-term annual consumption profiles, harnessing metadata such as location, weather, building, and meter type to produce coherent synthetic data that closely resembles real-world energy consumption patterns. The results demonstrate the proposed diffusion model's superior performance, with a 36% reduction in Frechet Inception Distance (FID) score and a 13% decrease in Kullback-Leibler divergence (KL divergence) compared to the following best method. The proposed method successfully generates high-quality energy data through metadata, and its code will be open-sourced, establishing a foundation for a broader array of energy data generation models in the future.","","","2024-03-31T01:58:38Z","preprint","cs.LG, eess.SY","","","","","","0","1","The paper does not investigate the impact of renewable energy adoption on greenhouse gas emissions in developing countries, which is the focus of the research question. Instead, it proposes a conditional diffusion model for generating synthetic energy data using metadata. Therefore, it does not meet the inclusion criteria and matches exclusion criterion 6 (Studies that do not report quantitative data on greenhouse gas emissions reduction) and 7 (Studies that do not examine country-specific factors influencing renewable energy adoption)."
"Energy Resources and Global Development","2003","Jeffrey Chow, Raymond J. Kopp, Paul R. Portney","https://doi.org/10.1126/science.1091939","10.1126/science.1091939","Openalex","In order to address the economic and environmental consequences of our global energy system, we consider the availability and consumption of energy resources. Problems arise from our dependence on combustible fuels, the environmental risks associated with their extraction, and the environmental damage caused by their emissions. Yet no primary energy source, be it renewable or nonrenewable, is free of environmental or economic limitations. As developed and developing economies continue to grow, conversion to and adoption of environmentally benign energy technology will depend on political and economic realities.","Science","American Association for the Advancement of Science","2003-11-28","article","Non-renewable resource, Renewable energy, Natural resource economics, Order (exchange), Environmental impact of the energy industry, Primary energy, Energy consumption, Business, Consumption (sociology), Energy (signal processing)","Resources For The Future","United States","953","en","14645838","0","1","The paper does not meet the inclusion criteria as it does not investigate the impact of renewable energy adoption on greenhouse gas emissions in developing countries, nor does it report quantitative data on greenhouse gas emissions reduction or examine country-specific factors influencing renewable energy adoption. It is excluded because it does not focus on the specified research question and does not provide empirical data specific to developing countries between 2015 and 2025."
"Renewable energy-based drying of medicinal plants: enhancing efficiency, phytochemical retention, and quality.","2026","Sahar Zamani, Mehran Fathi, Mohammad-Taghi Ebadi, Azharul Karim, Venkatesh Meda, Mohammad Vahedi Torshizi","https://pubmed.ncbi.nlm.nih.gov/41957894/","10.1002/jsfa.70560","Pubmed","Drying of medicinal plants and spices (MPS) is a critical post-harvest operation for extending shelf life and preserving bioactive compounds, sensory attributes, and nutritional value. However, most industrial drying practices remain heavily dependent on fossil fuels, leading to high energy consumption, increased carbon emissions, and degradation of heat-sensitive phytochemicals. Addressing these challenges requires sustainable drying solutions that maintain product quality while minimizing environmental impacts. In this context, renewable energy-based drying technologies, including solar, wind, biogas, geothermal, and biomass systems, have received increasing attention. This review systematically evaluates renewable energy-assisted drying systems in terms of energy efficiency, greenhouse gas emission reduction, and preservation of phytochemical and sensory quality. The analysis of existing studies shows that renewable and hybrid dryers generally outperform conventional methods by lowering energy demand and improving product quality. Despite these advantages, major research gaps persist due to limited process optimization, scalability constraints, inadequate long-term techno-economic assessment, high initial investment and maintenance costs, policy and regulatory barriers, and optimization studies constrained by high computational demands and the lack of standardized evaluation frameworks. Future research should focus on cost-effective and scalable system designs, integration of the Internet of Things and machine learning for real-time monitoring and control, comprehensive nutrient retention analysis, and long-term techno-economic assessments. By consolidating current evidence and identifying critical gaps, this review provides a framework to advance sustainable, high-quality MPS drying technologies for food, pharmaceutical, and cosmeceutical applications. © 2026 Society of Chemical Industry.","Journal of the science of food and agriculture","","2026","Journal Article, Review","drying technologies, geothermal energy, medicinal plants and spices, plant phytochemicals, sustainable processing technologies","Department of Chemical and Biological Engineering, College of Engineering, University of Saskatchewan, Saskatoon, SK, Canada., Department of Horticultural Science, Faculty of Agricultural Sciences, University of Guilan, Rasht, Iran., Department of Horticultural Science, Faculty of Agriculture, Tarbiat Modares University, Tehran, Iran., School of Mechanical, Medical and Process Engineering (MMPE), Queensland University of Technology, Brisbane, QLD, Australia., Department of Bio-systems Engineering, Faculty of Agriculture, Tarbiat Modares University, Tehran, Iran.","Canada., Iran., Australia.","","","41957894","0","1","The paper does not investigate the impact of renewable energy adoption on greenhouse gas emissions in developing countries, nor does it examine country-specific factors such as economic development, institutional capacity, and energy mix. Instead, it focuses on renewable energy-based drying of medicinal plants, making it outside the scope of the research question. This matches exclusion criterion 'Studies that focus on developed countries or do not specify country context'."
"Green finance and environmental sustainability: evaluating the role of urbanization, energy, and institutional quality in Asia's low-carbon transition.","2026","Qiheng Wang, Sareer Ahmad, Nigah Zehra","https://pubmed.ncbi.nlm.nih.gov/41957160/","10.1038/s41598-026-46502-0","Pubmed","Asia is a fast-growing emerging market with investment potential, making it essential to investigate the mechanisms by which green finance influences environmental sustainability. For the empirical analysis using data from 2000 to 2022 on twenty-two Asian economies, we applied the fixed- and random-effects model. First, we have verified the model's feasibility and employed diagnostic tests and robustness, which show that the model is appropriate. The key findings of the fixed effect model, suggested by the Hausman test, indicate that there is a negative association between Green Finance and CO2 emissions. The green finance coefficient is - 0.0107, which implies that a 1% increase in green finance leads to a reduction in carbon emissions by 0.0107%. Likewise, population density exhibits a negative relationship with CO2 emissions. The coefficient of population density is - 0.5373, implying that a 1% increase in population density diminishes carbon emissions by 0.5373%, which supports the ecological efficiency theory. The Causality test shows unidirectional causality among the variables. Based on evidence, this study suggests that policymakers of the Asian economies should focus on green finance initiatives to support environmentally sustainable investments, which leads to a decline in CO₂ emissions.","Scientific reports","","2026","Journal Article","Asia, Ecological efficiency theory, Environmental sustainability, Green finance, Population density","Business Department, Lingnan University, Hong Kong, 999077, China., School of Economics, Quaid-I-Azam University, Islamabad, Pakistan. sareer@eco.qau.edu.pk., School of Economics, Quaid-I-Azam University, Islamabad, Pakistan.","China., Pakistan. sareer@eco.qau.edu.pk., Pakistan.","","","41957160","1","0","The paper investigates the impact of green finance on environmental sustainability in Asian economies, which aligns with the research question's focus on renewable energy adoption and greenhouse gas emissions in developing countries. The study provides quantitative data on greenhouse gas emissions reduction and examines country-specific factors such as urbanization, energy, and institutional quality. Although the paper does not directly focus on renewable energy adoption, its examination of green finance and environmental sustainability makes it relevant to the research question. The study's publication date (2000-2022) partially overlaps with the specified time frame of 2015-2025, which further supports its inclusion."
"Toward a Just and Robust Energy Transition in Indonesia: A Multi-Scale, Multi-Dimensional Assessment of Coal Moratorium and Renewable Energy Integration.","2026","Chairul Salam M, Orhan Kural, Harmiyati, Effiza Rosalia","https://pubmed.ncbi.nlm.nih.gov/41951027/","10.1016/j.envres.2026.124447","Pubmed","The implementation of a coal moratorium in Indonesia represents a critical policy instrument for achieving the national commitment to Net-Zero Emissions (NZE) by 2060. However, the feasibility and equity implications of such a policy remain insufficiently understood, particularly in relation to Indonesia's spatial heterogeneity, institutional diversity, and structural dependence on coal-based energy systems. Existing studies have predominantly relied on techno-economic modeling frameworks that overlook subnational disparities, dynamic uncertainties, and political-institutional constraints shaping energy transitions. This study addresses these gaps by developing a mixed-methods analytical framework that integrates spatially disaggregated energy system modeling using the Balmorel model, stochastic sensitivity analysis, and political economy diagnostics grounded in the Multi-Level Perspective (MLP) framework. Scenario simulations evaluate five alternative transition pathways, including a regionally phased coal moratorium combined with demand-side management (DSM) strategies. The results indicate a substantial redistribution of renewable energy capacity toward Sumatra and Eastern Indonesia under NZE scenarios, accompanied by significant emission reductions reaching up to 92% by 2050. While transition costs increase in the short term, early investments in solar, wind, and energy storage significantly mitigate long-term system costs. Stochastic sensitivity analysis further demonstrates that robust and cost-effective decarbonization pathways remain highly sensitive to capital expenditure dynamics and institutional readiness, particularly in provinces with limited grid infrastructure and investment capacity. Policy implications highlight the importance of a just and feasible energy transition framework supported by fiscal incentives for coal-dependent regions, revenue recycling mechanisms from carbon taxation, and multilevel governance reforms. Institutional restructuring-including the functional unbundling of PLN and the expansion of public-private partnership (PPP) investment schemes-is also identified as a critical enabler. The findings demonstrate that integrating spatial and institutional dimensions into energy system modeling is essential for designing equitable and resilient decarbonization pathways in decentralized emerging economies.","Environmental research","","2026","Journal Article","Coal Moratorium, Demand-Side Management, Just Energy Transition, Policy Analysis, Spatial Energy Modeling","Mining Engineering, Politeknik Batulicin, South Kalimantan, 72271, Indonesia; Mining Engineering, Istanbul Technical University, Maslak, Istanbul, 34469, Turkey. Electronic address: chairulsalamm@politeknikbatulicin.ac.id., Mining Engineering, Istanbul Technical University, Maslak, Istanbul, 34469, Turkey., International Relations, UPN ""Veteran"" Yogyakarta, 55283, Indonesia.","Turkey. Electronic address: chairulsalamm@politeknikbatulicin.ac.id., Turkey., Indonesia.","","","41951027","1","0","The paper meets the inclusion criteria as it investigates the impact of renewable energy adoption on greenhouse gas emissions in a developing country (Indonesia), reports quantitative data on emissions reduction, and examines country-specific factors such as institutional capacity and energy mix. The study's focus on Indonesia, a developing country, and its analysis of the coal moratorium's impact on emissions, aligns with the research question and inclusion criteria. No exclusion criteria were met as the paper is an empirical study, published in the specified time frame, and written in English."
"Enhanced nutrient and organic matter removal from dairy wastewater through an optimized activated algae process.","2026","Olga Tiron, Luoana Florentina Pascu, Tatiana Buse, Valeriu Robert Badescu, Laurentiu Razvan Dinu, Mirela Alina Constantin, Lucian Alexandru Constantin","https://pubmed.ncbi.nlm.nih.gov/41948291/","10.3389/fpls.2026.1721052","Pubmed","Wastewater treatment faces increasing pressure to transition from energy-intensive technology to sustainable alternatives aligned with global resource efficiency and climate goals. Microalgae-based processes have emerged as promising solutions in environmental remediation applications; however, their large-scale deployment remains constrained by contamination risks, stringent operational requirements, and high downstream costs. These challenges are particularly evident in the treatment of nutrient-rich industrial influents such as dairy wastewater, which represents an environmental concern. Addressing this gap is important for strengthening overall climate action efforts and safeguarding ecosystems by reducing greenhouse gas emissions and transforming nutrient loads from pollution sources into potential resources. In this study, a two-stage biological treatment of raw dairy wastewater was tested as an alternative to conventional technology. The process relied on activated algae biomass, consisting of microalgae-bacteria consortia, operated in sequencing batch mode. The treatment stages were strategically designed to address elevated organic and ammonium loads while maintaining aerobic conditions exclusively through photosynthesis. The first stage operated at high COD loadings (>1 g O2L) and achieved organic matter removal above 80%, while the second stage, adapted to lower COD (<0.5 g O2L), ensured residual ammonium below the detection limit and overall COD removal up to 99%. Optimization of operational conditions further improved microalgae harvesting efficiency (from 88.6 ± 2.7% to 94.4 ± 1.8%) and enhanced floc stability through diversification of microalgae communities. Complementary, microfauna analysis outlined the presence of protozoan and metazoan populations confirming process stability and ecological balance comparable to traditional activated sludge system. The findings demonstrate potential of the activated algae system as a resilient and resource-efficient alternative to conventional wastewater treatment technology. By avoiding energy demand for mechanical aeration and ensuring nutrient recovery in line with environmental regulatory frameworks, the developed process supports sustainable wastewater treatment management while aligning with international goals on climate change mitigation and aquatic ecosystems protection.","Frontiers in plant science","","2026","Journal Article","activated algae, dairy wastewater, microalgae harvesting, microalgae-bacteria consortium, photosynthetic oxygen, wastewater treatment","National Research and Development Institute for Industrial Ecology - ECOIND, Bucharest, Romania.","Romania.","","","41948291","0","1","The paper does not investigate the impact of renewable energy adoption on greenhouse gas emissions in developing countries, which is the focus of the research question. Instead, it discusses a wastewater treatment process using activated algae biomass. The study also does not report quantitative data on greenhouse gas emissions reduction related to renewable energy adoption in developing countries. Therefore, it matches exclusion criteria as it does not examine country-specific factors influencing renewable energy adoption and is not focused on developing countries."
"Lithium-Ion Batteries as a Cornerstone of Electric Vehicle Advancement: Innovations, Challenges, and Policy Implications.","2026","Benedict Nnachi Alum, Darlington Arinze Echegu, Esther Ugo Alum, Daniel Ejim Uti, Simeon Ikechukwu Egba, Jude Uchechukwu Aleke","https://pubmed.ncbi.nlm.nih.gov/41945201/","10.1007/s41061-026-00550-2","Pubmed","Lithium-ion batteries (LIBs) are the key technology that allows the adoption of electric vehicles (EVs) and integration of renewable energy, but their development faces a complex of technical, environmental, and policy issues that require a multidimensional analysis. This review critically evaluates electrochemical activities, structural innovations, environmental effects, and regulatory frameworks used to deploy LIBs in EVs to inform the current development strategies. A narrative literature review was conducted across Google Scholar, ScienceDirect, Web of science, IEEE Xplore, ACS, and Scopus where peer-reviewed articles, technical reports, and policy documents published between 2015 and 2025 were searched. Thematic synthesis melded discoveries in electrochemical processes, materials science, and policy space. LIBs have a better energy density (130-275 Wh kg-1) and life- cycle greenhouse gas emission reductions of 46-52% compared to internal combustion engines with manufacturing emission (5075 kg CO2-eq) payback within 1.5-3 years of average driving. Major industrial innovation includes high-nickel cathodes, e.g., NMC811 and NCA, allow EV ranges of 400-500 km, silicon-graphite composite anodes with up to 550-650 mAh g-1 capacity, and cell-to-pack designs. These innovations have been commercialized by CATL and BYD (Build Your Dreams) and raise cell-level energy density by 10-15% via removal of module-level components. The regulatory frameworks in the EU, US, and China are analyzed as the sources of market growth and the shift in the circular economy. The review finds that steady electrification must have an integrated policy to cover supply-chain equity, set chemistry-independent performance standards, and facilitated commercialization routes to solid-state and sodium-ion technologies that will characterize the post-lithium-ion phase.","Topics in current chemistry (Cham)","","2026","Journal Article, Review","Electric vehicles, Electrochemical cells, Electrolytes, Energy density, Lithium-ion batteries","School of Mathematics and Computing, Kampala International University, Kampala, Uganda. benedict.alum@kiu.ac.ug., School of Mathematics and Computing, Kampala International University, Kampala, Uganda., Publication and Extension Department, Kampala International University, Kampala, Uganda.","Uganda. benedict.alum@kiu.ac.ug., Uganda.","","","41945201","0","1","The paper focuses on lithium-ion batteries for electric vehicles, not on renewable energy adoption in developing countries. It does not examine country-specific factors influencing greenhouse gas emissions reduction in the context of developing countries, which is a key requirement. Thus, it matches exclusion criterion 'Studies that focus on developed countries or do not specify country context'."
"Foreign Investments and Energy Transformation: Impacts on Energy Poverty, Renewable Adoption, and Emission Reduction in Developing Countries","2025","My Nguyen, Hang Nguyen, Phuong M. H. Pham, Tung D. Nguyen","https://doi.org/10.1111/deve.12452","10.1111/deve.12452","Crossref","ABSTRACT                   This study investigates the impact of foreign financial investment in renewable energy on energy poverty, renewable energy adoption, and emissions in developing countries. Using a dynamic panel model to address endogeneity, it offers empirical insights into how international climate finance supports sustainable energy transitions. The results show that such investment improves clean energy access, electricity access, and consumption, strengthening both availability and reliability. It also increases renewable electricity output and the share of renewables in energy generation, though effects on renewable energy consumption are more limited. Emissions of carbon dioxide and greenhouse gases decline, while effects on per‐capita emissions and carbon intensity are smaller. Lagged models reveal that these benefits persist over time. Impacts vary across regions and country characteristics, particularly fossil fuel dependency, economic growth, and foreign capital intensity. The findings offer actionable insights for designing more effective international climate finance strategies aligned with global energy and climate goals.","The Developing Economies","Wiley","2025-11-3","journal-article","","International School, Vietnam National University  Hanoi Vietnam, Faculty of Finance and Banking, Academy of Policy and Development  Hanoi Vietnam","","","en","","1","0","The paper meets the inclusion criteria as it investigates the impact of foreign financial investment in renewable energy on energy poverty, renewable energy adoption, and emissions in developing countries, which aligns with the research question. It provides quantitative data on greenhouse gas emissions reduction and examines country-specific factors such as economic growth and foreign capital intensity. The paper does not match any exclusion criteria as it is an empirical study, published between 2015 and 2025, and written in English."
